materia,keywords
fisica,velocidad campo respecto caso 
fisica,mathbf fuerza cuantica masa 
fisica,puede movimiento diferentes particulas 
fisica,tiempo luz rozamiento teoria 
fisica,dos energia trayectoria dispersion 
fisica,electrico onda electricidad electromagnetico 
fisica,aceleracion efecto delta electromagnetica 
fisica,electrica cuerpo fisica fuerzas 
fisica,sistema frac objetos ser 
fisica,carga ondas direccion inercia 
fisica,cdot constante magnitud material 
fisica,objeto ley vector solo 
fisica,medio radiacion superficie vec 
fisica,frecuencia pueden punto corriente 
fisica,ejemplo potencial forma mecanica 
quimica,elementos masa grupos mediante 
quimica,atomos metales valencia iones 
quimica,quimica carbono reaccion energia 
quimica,numero electrones composicion metal 
quimica,compuestos elemento neutrones periodica 
quimica,moleculas pueden aunque diferentes 
quimica,puede atomo isotopo teoria 
quimica,quimicos ser pesos cada 
quimica,atomico quimico mismo molar 
quimica,enlace hidrogeno parte molecular 
quimica,ejemplo propiedades solo sustancia 
quimica,dos sustancias compuesto isotopos 
quimica,peso forma molecula quimicas 
quimica,oxigeno enlaces masas nucleo 
quimica,tabla atomicos atomica protones 
biologia,celulas celular tipos todas 
biologia,organismos arn genes solo 
biologia,celula adn moleculas nucleo 
biologia,animales pueden organismo origen 
biologia,dos especies unicelulares asi 
biologia,division hongos informacion reproduccion 
biologia,eucariotas plantas tipo biologia 
biologia,bacterias ser millones años 
biologia,seleccion forma material mediante 
biologia,microorganismos puede proteinas sistema 
biologia,clasificacion grupos aunque ejemplo 
biologia,cada seres parte estructura 
biologia,vida reino natural ciclo 
biologia,reinos proceso cromosomas mitosis 
biologia,vivos genetica procariotas especie 
matematicas,numeros funcion triangulos matriz 
matematicas,dos calculo elementos formal 
matematicas,ejemplo numero decir eje 
matematicas,ecuaciones punto polinomio problemas 
matematicas,curva conjunto variable asi 
matematicas,puede matematica conjuntos entonces 
matematicas,teoria sistema mayor termino 
matematicas,cada valor aritmetica general 
matematicas,siglo ecuacion matematicos valores 
matematicas,matematico matematicas definicion cuadrado 
matematicas,mathbb logica derivada funciones 
matematicas,igual geometria mediante variables 
matematicas,mediana forma concepto distancia 
matematicas,caso lado frac pueden 
matematicas,ser teorema hiperbola puntos 
